"UNITID","EFYTOTLT"
100654,4865
100663,13440
100690,415
100706,6994
100724,5373
100751,35199
100760,2379
100812,4124
100830,5072
100858,22953
100937,1382
101028,2361
101073,538
101116,777
101143,2645
101161,6859
101189,3384
101240,7089
101277,132
101286,6460
101295,7132
101301,2671
101365,675
101435,1311
101453,60
101462,1459
101471,759
101480,8628
101499,1628
101505,13591
101514,15575
101541,474
101569,4814
101587,2273
101602,2396
101648,475
101675,2167
101693,1653
101709,2756
101736,5105
101879,6807
101897,3635
101912,1874
101949,1880
101958,34
101994,769
102030,5032
102049,3282
102058,332
102067,7386
102076,3534
102094,13267
102234,1436
102261,182
102270,968
102298,1092
102313,2114
102368,17375
102377,2601
102395,270
102429,5453
102553,24754
102580,42
102614,13045
102632,4830
102669,348
102711,1973
102845,3976
103501,648
103741,174
103811,1222
103893,1202
103909,1060
103927,580
103945,190
103954,85
103963,1294
104090,1860
104151,45594
104160,11766
104179,36246
104188,160
104346,10231
104364,644
104391,106
104425,11491
104434,61
104443,104
104504,213
104568,558
104577,8139
104586,2356
104708,27947
104717,65668
104911,176
105145,8495
105154,30770
105206,7998
105215,1891
105297,1976
105330,28303
105349,6486
105367,566
105428,17382
105482,188
105525,36188
105534,3197
105543,1404
105589,493
105659,1096
105668,45317
105677,57
105701,54
105747,14760
105792,5772
105899,903
105987,547
106041,2910
106102,1397
106111,221
106148,10245
106245,10900
106263,828
106281,29
106306,1313
106315,153
106324,37
106342,747
106351,268
106360,51
106397,23946
106412,2798
106449,5619
106458,11198
106467,12650
106485,4055
106494,94
106546,918
106625,1894
106704,11158
106713,1019
106795,2226
106810,249
106829,320
106883,1860
106892,429
106908,552
106980,3506
106999,1796
107044,4889
107071,3427
107080,1405
107099,45
107123,138
107141,2331
107211,34
107220,370
107293,130
107318,2467
107327,2033
107363,95
107442,90
107460,2290
107488,347
107512,1669
107521,1787
107549,1565
107558,688
107585,2677
107600,703
107619,2126
107637,2117
107655,57
107664,10607
107725,1940
107743,1296
107789,156
107831,111
107840,394
107877,566
107974,2161
107983,3376
107992,3338
108065,24
108092,7688
108232,11708
108348,53
108649,267
108667,10951
108807,16958
108852,338
108977,162
109040,2545
109086,48
109208,46579
109350,18654
109651,2535
109721,513
109730,241
109785,6379
109819,28307
109907,4777
109934,275
110060,346
110097,4437
110194,354
110219,2657
110246,14862
110316,112
110334,17887
110361,7791
110370,1656
110404,1034
110413,3114
110422,20622
110468,1771
110486,9229
110495,8745
110510,18483
110529,22651
110538,17353
110547,13040
110556,22308
110565,36593
110574,14540
110583,34062
110592,24156
110608,38667
110617,29768
110635,29591
110644,30215
110653,26991
110662,31906
110671,19765
110680,27918
110705,21897
110714,17380
110778,15
110875,145
110918,20
111009,453
111054,361
111081,975
111188,1147
111434,10595
111461,30369
111513,287
111638,525
111708,383
111717,594
111726,500
111744,282
111762,207
111799,154
111887,27908
111896,8198
111920,19599
111939,27430
111948,6649
111966,115
112075,2230
112084,1077
112172,17908
112181,154
112190,34986
112260,1359
112288,673
112367,808
112385,20723
112394,716
112446,516
112455,65
112561,3599
112570,388
112686,11602
112826,9770
113096,20517
113111,8180
113193,14529
113218,13617
113236,21790
113333,32673
113449,307
113537,17
113573,13300
113582,218
113634,29944
113698,1566
113856,53984
113980,32068
114044,745
114123,600
114266,13865
114354,3821
114390,503
114415,121
114433,3643
114460,424
114628,9
114637,62
114716,29646
114761,96
114789,33116
114813,3019
114859,33519
114938,10495
114947,500
115001,21491
115010,574
115083,605
115126,17710
115296,25153
115357,85
115393,17166
115409,831
115658,193
115728,747
115755,8686
115773,753
115861,9916
115931,693
116226,280
116350,426
116439,19473
116563,226
116712,229
116846,79
117052,16076
117104,604
117113,1957
117140,6674
117168,611
117195,6046
117238,208
117247,19236
117274,4484
117557,252
117575,98
117627,2405
117636,1666
117645,32506
117672,1067
117690,13780
117706,29890
117715,10789
117724,22401
117733,27113
117751,1427
117788,29637
117803,262
117867,14701
117894,12681
117928,1115
117946,6624
117955,437
118134,118
118143,101
118161,205
118189,134
118198,1267
118259,809
118277,1756
118286,1216
118347,7879
118541,1712
118684,6698
118693,852
118718,13778
118772,10948
118888,917
118912,21745
118930,13755
118958,63
118967,1360
118976,24227
118994,254
119058,20
119067,12729
119137,19571
119164,37803
119173,3036
119216,20233
119270,1516
119331,8951
119553,922
119605,14393
119775,453
119845,315
119951,307
120069,408
120078,976
120087,370
120184,1512
120254,2175
120272,73
120290,16861
120342,29075
120403,1154
120421,10917
120537,1438
120661,1151
120698,214
120768,761
120838,23
120865,1902
120883,3973
120953,7158
120971,34340
121044,36283
121150,3698
121257,1094
121275,275
121309,3062
121345,1661
121363,5322
121433,146
121619,46704
121637,129
121691,3848
121707,6235
121859,241
121868,153
121886,28014
121901,27802
121983,170
121992,218
122117,79
122126,43
122180,32814
122205,30330
122296,851
122339,25862
122366,244
122375,36580
122384,22005
122409,30960
122436,6166
122454,541
122506,167
122597,29787
122612,7469
122658,25070
122685,9189
122728,1286
122746,12811
122755,27855
122791,13890
122834,863
122852,247
122889,25556
122931,5759
122977,43356
123013,32465
123165,1023
123217,14544
123280,48
123299,12300
123341,24931
123350,169
123396,103
123457,1081
123484,4281
123493,780
123509,15862
123527,17811
123554,3105
123563,14284
123572,9053
123633,90
123642,429
123651,2451
123679,1060
123800,24768
123952,287
123961,20543
124113,9261
124292,378
124487,275
124681,1090
124706,1205
124779,21
124937,1220
125028,19252
125082,176
125091,16344
125170,12028
125231,13809
125310,45
125462,4545
125471,18120
125499,14455
125532,2130
125727,1359
125763,1709
125897,1526
126076,234
126119,10244
126164,116
126182,2685
126207,7540
126289,14593
126359,642
126401,306
126562,18332
126580,13528
126605,436
126614,30187
126669,10088
126678,2322
126687,1191
126702,1619
126711,8588
126748,1638
126775,4821
126784,284
126818,26719
126827,38580
126863,10529
126872,397
126915,653
126942,13616
126951,1638
127060,6151
127158,4891
127185,4086
127200,30086
127219,44
127228,190
127316,407
127389,996
127556,10751
127565,24868
127617,2171
127653,516
127680,357
127714,1173
127732,2185
127741,10835
127778,1847
127787,400
127820,19020
127839,593
127884,8916
127909,13682
127918,5548
127945,1345
127954,29
128106,6683
128151,1342
128179,1381
128188,1314
128258,2291
128328,4112
128337,124
128391,3268
128498,1658
128540,160
128577,2388
128586,67
128674,602
128683,858
128726,207
128744,3351
128771,11213
128780,2507
128896,457
128902,1972
129002,505
129020,20152
129154,5019
129181,1200
129215,5699
129242,4398
129349,192
129367,5227
129482,641
129525,6085
129534,176
129543,7319
129695,9964
129729,9299
129756,4355
129774,790
129808,5639
129923,687
129932,710
129941,5386
129969,389
130004,8483
130040,2015
130110,143
130174,4195
130183,14096
130217,2098
130226,7418
130253,5775
130314,1124
130396,11003
130448,1009
130493,9286
130509,816
130590,2434
130606,5920
130624,583
130697,3091
130776,6423
130794,7150
130837,46
130873,686
130907,18957
130934,4413
130943,20498
130989,692
131061,178
131098,1693
131113,12169
131159,8666
131283,3561
131399,5754
131450,1126
131469,12039
131496,8719
131520,7203
131803,1330
131830,55
131876,1796
132268,380
132338,1747
132374,4654
132408,537
132471,4403
132602,4063
132657,2186
132675,247
132693,20692
132709,63024
132806,15
132842,589
132851,10099
132879,220
132903,63692
132976,289
133021,2712
133155,881
133386,20303
133465,1511
133492,2278
133508,21180
133526,3650
133553,5629
133650,9130
133669,32087
133702,41069
133711,2840
133809,576
133845,873
133854,855
133863,779
133872,2260
133881,3902
133942,79
133951,55100
133960,1482
133979,1569
133997,483
134024,249
134079,2737
134097,35129
134112,7285
134130,36703
134149,737
134228,34
134237,24698
134291,901
134307,1408
134343,8157
134422,162
134495,37959
134510,261
134529,455
134574,300
134608,24729
134680,358
134714,364
134811,3220
134945,4062
135063,483
135081,32937
135124,964
135142,479
135160,4207
135179,1073
135188,6078
135267,1348
135276,889
135294,1249
135337,254
135364,454
135391,14939
135407,1712
135522,557
135559,126
135610,234
135647,1791
135717,91749
135726,12243
135735,3169
135771,712
135939,52
136066,895
136109,210
136145,1682
136172,16481
136215,5136
136233,8632
136288,328
136303,1710
136330,3402
136358,41851
136400,15199
136473,13812
136491,1834
136516,15197
136659,776
136765,517
136774,1277
136783,85
136826,1239
136950,2874
137023,866
137032,21098
137078,41532
137087,1585
137096,19909
137120,1744
137148,211
137209,24801
137245,2840
137272,65
137281,9241
137315,3532
137351,34324
137476,3753
137546,3179
137564,4489
137591,609
137713,233
137759,17416
137777,47
137801,578
137810,341
137847,7724
137856,237
137865,618
137953,459
137962,250
138132,128
138187,60908
138275,1164
138284,574
138293,747
138309,12305
138354,12463
138372,2174
138479,1599
138488,1462
138497,481
138558,3991
138600,959
138655,727
138664,84
138682,5036
138691,7221
138716,3303
138761,352
138789,7357
138813,3191
138822,874
138840,6017
138868,1849
138901,4437
138938,553
138947,3022
138956,6363
139010,3226
139144,2189
139153,513
139199,2057
139205,798
139214,319
139250,3847
139278,9306
139287,137
139311,8051
139357,5344
139366,8439
139384,8265
139393,1081
139463,5895
139506,236
139579,1150
139621,3805
139630,937
139658,7764
139700,7580
139719,2553
139746,72
139755,16694
139764,2868
139861,6751
139931,20522
139940,29438
139959,30197
139968,4754
139986,6697
139995,220
140003,636
140012,10112
140234,971
140243,5111
140252,638
140331,14402
140340,902
140447,5057
140553,2266
140678,3697
140696,1663
140720,692
140818,1576
140827,114
140872,1440
140942,6253
140951,10867
140960,5266
140988,1656
141006,2725
141015,399
141060,2180
141167,975
141185,1150
141237,2131
141255,5635
141264,10218
141325,780
141334,12171
141361,1231
141486,2299
141565,3899
141574,15844
141608,142
141644,4725
141680,5910
141796,11035
141802,1702
141811,10733
141839,4647
141848,90
141945,120
141981,3416
141990,3896
142054,666
142090,163
142115,22234
142179,1012
142276,13626
142285,10784
142294,1070
142328,4779
142407,104
142416,22
142443,7478
142461,3568
142489,42
142522,65811
142559,11204
142869,42
142878,30
142887,335
142957,28
143048,3889
143084,2571
143118,3980
143181,75
143215,18706
143279,9830
143288,626
143297,248
143303,15
143358,4647
143376,427
143464,154
143473,67
143482,114
143491,139
143516,58
143543,144
143552,95
143613,2922
143695,23
144005,3968
144050,6046
144157,6926
144166,9513
144175,7479
144184,15850
144193,14263
144209,13946
144218,17301
144281,9492
144351,1579
144467,1182
144485,730
144564,7183
144573,85
144740,18349
144795,316
144865,46624
144883,742
144892,8019
144944,16114
144962,3108
144971,707
145099,368
145239,487
145309,52
145336,4253
145354,57
145372,1237
145406,372
145424,97
145433,112
145460,177
145497,630
145521,4429
145600,19184
145619,3950
145637,34687
145646,1857
145682,14122
145691,978
145707,2159
145725,3858
145770,351
145813,19898
145831,5535
146010,139
146205,21549
146278,3092
146296,21901
146339,1270
146348,8373
146366,8319
146393,1843
146418,5644
146427,1398
146454,50
146472,24952
146481,1595
146506,22278
146533,373
146603,11003
146612,5482
146667,563
146676,1395
146685,11649
146700,1020
146719,12324
146755,354
146807,90
146816,325
146825,603
147004,10431
147013,2695
147129,708
147165,649
147244,2220
147341,1231
147369,3654
147378,26598
147396,100
147411,6942
147439,110
147536,1982
147590,174
147642,76
147660,2921
147679,2544
147703,16344
147749,486
147767,10611
147776,9669
147800,20091
147819,78
147828,3709
147916,19047
148007,9818
148016,489
148098,64
148131,1163
148140,198
148177,1865
148256,10595
148292,5978
148335,3123
148380,12084
148399,1044
148405,1179
148487,3576
148496,2438
148511,159
148575,508
148584,1834
148593,124
148627,3376
148654,3445
148672,3275
148821,5796
148849,83
148876,2052
148937,4816
148955,107
148991,2562
149028,322
149204,72
149222,14593
149231,13163
149310,398
149329,75
149365,9770
149499,27
149505,1423
149514,1095
149532,17832
149550,282
149639,177
149727,18931
149763,656
149772,10355
149781,2545
149842,25409
150048,588
150066,2068
150075,11
150136,18583
150145,1649
150163,4058
150172,955
150251,279
150303,292
150400,2285
150428,71
150437,48
150455,1004
150534,2525
150604,1138
150668,835
150677,2179
150695,96
150710,116
150756,1142
150765,97
150774,607
150853,216
150941,1184
150987,165959
151102,14092
151111,25859
151166,5219
151263,4763
151290,8685
151306,11110
151324,14331
151333,4691
151342,8059
151351,40945
151360,6692
151379,6944
151388,6342
151458,470
151467,417
151564,53
151607,171
151616,642
151652,358
151661,1479
151777,1287
151786,2677
151801,3007
151810,373
151874,3
151944,469
151962,121
152044,116
152080,8626
152099,1567
152150,58
152248,10317
152266,7274
152275,265
152309,119
152318,2339
152327,34
152336,2091
152363,1225
152381,816
152390,1686
152415,583
152497,242
152530,2482
152567,3483
152600,3426
152628,64
152637,22888
152673,873
152798,532
152992,1138
153001,2715
153074,301
153083,231
153108,1521
153126,967
153144,1498
153162,1041
153171,28
153214,36861
153241,86
153250,1529
153269,3609
153278,1975
153296,1081
153302,260
153311,13174
153320,293
153339,30
153366,1829
153375,2239
153384,1774
153409,312
153418,673
153427,281
153445,8618
153463,38
153472,7053
153524,7969
153533,3238
153542,16
153588,35
153597,187
153603,32246
153621,530
153630,9661
153658,25883
153737,20409
153746,71
153764,153
153773,142
153782,70
153825,1569
153834,2380
153861,486
153922,2676
153977,997
154004,1380
154013,1852
154022,87705
154059,3907
154095,11284
154101,1151
154110,6606
154129,2700
154165,75
154174,26
154208,186
154235,2681
154262,272
154332,125
154341,77
154350,1779
154378,3717
154396,2163
154448,241
154457,47
154466,74
154493,6629
154518,2657
154527,1599
154545,52
154572,8129
154590,1931
154642,4012
154688,2124
154697,16321
154712,2203
154721,753
154749,598
154767,546
154776,513
154794,151
154800,13038
154837,144
154855,1604
154907,3437
154925,2393
154934,2240
154952,4869
154998,2635
155007,482
155025,4276
155052,1331
155061,13964
155070,299
155089,2206
155098,2742
155104,3418
155140,915
155159,107
155177,436
155186,5342
155195,8740
155201,1459
155210,29400
155283,994
155292,8460
155308,90
155317,20943
155335,3846
155353,75
155399,21725
155414,736
155423,2000
155441,76
155450,3114
155487,1292
155496,347
155511,659
155520,1782
155566,2886
155593,1259
155618,870
155627,664
155636,572
155681,6784
155715,1640
155812,998
155830,933
155858,2692
155900,2219
155937,720
155973,743
156082,6711
156107,5473
156125,12788
156134,1287
156189,617
156213,1779
156231,3775
156277,97
156286,2810
156295,1717
156310,471
156338,5352
156356,1168
156365,3930
156392,14174
156408,1382
156417,176
156426,332
156471,1905
156541,3175
156620,16253
156648,9112
156745,1037
156754,73
156790,4395
156842,283
156851,2069
156860,4446
156921,16014
156967,222
157021,1528
157030,81
157058,1950
157076,728
157085,23877
157100,536
157216,2348
157270,593
157289,18219
157304,5850
157331,4530
157377,1163
157386,10959
157401,10225
157438,5922
157447,14417
157465,230
157483,8089
157535,2128
157553,6628
157599,1273
157614,161
157650,224
157669,159
157678,166
157696,127
157711,7943
157739,4144
157748,1118
157757,1329
157766,752
157793,3933
157809,2148
157818,1061
157827,139
157863,976
157951,20547
158088,3123
158246,444
158325,105
158334,36
158343,59
158352,2155
158431,10411
158440,94
158477,535
158538,66
158617,1269
158644,111
158662,23097
158723,317
158778,50
158787,125
158802,1271
158884,4051
159009,4202
159027,55
159197,925
159319,35
159328,138
159373,1043
159382,3768
159391,27720
159407,3225
159416,3466
159513,242
159522,262
159531,66
159568,1010
159601,19
159647,12174
159656,3076
159717,8361
159939,8131
159948,1523
159966,6454
159993,8344
160010,5105
160029,18
160038,10199
160065,1055
160074,1819
160117,121
160126,52
160135,102
160199,112
160320,3891
160409,147
160445,190
160472,49
160481,2971
160524,431
160579,4786
160597,147
160612,16501
160621,6228
160630,2736
160649,4736
160658,17975
160667,4689
160755,8798
160904,2474
160913,3939
160940,1252
160959,413
160977,1903
160995,600
161004,1952
161022,216
161077,3978
161086,2055
161138,4051
161192,3284
161208,74
161217,6193
161226,2027
161235,2032
161244,1007
161253,10277
161299,997
161341,1657
161457,7413
161484,1285
161493,354
161509,450
161518,2740
161527,300
161545,8648
161554,7554
161563,1730
161572,766
161581,597
161615,42
161651,70
161688,3706
161767,20795
161776,511
161800,426
161855,60
161864,7279
161873,3878
162007,4873
162061,528
162104,3110
162122,11307
162168,2889
162210,1485
162283,3166
162335,76
162371,530
162557,8775
162584,5534
162609,901
162654,1791
162681,989
162690,6022
162706,8899
162760,1324
162779,14102
162830,91
162928,8152
162982,184
163028,1032
163046,4128
163107,26
163204,57597
163259,1101
163268,12942
163286,31050
163295,2136
163338,4073
163347,861
163408,242
163426,34403
163453,7041
163462,1949
163532,349
163541,754
163578,1391
163657,18102
163736,1047
163754,144
163815,162
163851,8658
163912,1797
163976,414
164058,731
164076,21337
164155,4535
164173,4147
164216,1482
164270,1813
164313,4277
164368,345
164438,1102
164447,1539
164465,1921
164492,1291
164535,50
164562,2341
164580,2211
164599,83
164614,87
164632,2093
164641,1394
164678,131
164720,2534
164739,4369
164748,6607
164775,2639
164845,349
164872,529
164924,10297
164988,22685
165015,3852
165024,10873
165033,11324
165060,284
165112,17152
165167,1524
165194,5201
165255,220
165264,1140
165334,2508
165529,3186
165556,586
165574,1665
165608,91
165635,300
165644,917
165662,4144
165671,2194
165699,3511
165750,130
165802,3067
165820,4844
165866,5350
165884,930
165936,1798
165981,2811
166009,82
166018,1461
166027,14128
166045,54
166054,99
166124,2759
166133,8243
166391,1878
166407,341
166452,2612
166489,53
166498,176
166513,16166
166586,44
166595,75
166629,25988
166638,16082
166647,7952
166656,4116
166674,2243
166683,4680
166692,1742
166805,122
166823,11079
166850,3522
166869,999
166887,12254
166911,375
166939,2346
166948,1386
166957,5553
166975,187
166984,384
167039,26
167057,412
167224,73
167251,944
167260,1379
167288,1753
167297,164
167312,9831
167321,315
167358,18648
167376,8345
167394,1478
167455,533
167525,7515
167534,11021
167598,1674
167631,3142
167677,55
167729,9084
167738,485
167783,1850
167792,381
167835,2603
167871,155
167899,2214
167905,8550
167987,8292
167996,2532
168005,6154
168032,53
168148,5697
168218,2644
168227,4459
168254,2857
168263,6536
168281,1635
168290,928
168342,2233
168421,4362
168430,6624
168528,1752
168546,1405
168555,50
168573,673
168591,1427
168607,1833
168740,2233
168786,1905
168847,32007
168883,2322
168892,148
169071,34
169080,4200
169187,255
169248,21479
169275,11571
169284,421
169327,542
169363,790
169442,1467
169479,7883
169503,330
169521,12934
169576,108
169655,1017
169716,3004
169734,733
169761,293
169798,20388
169813,21
169910,15785
169947,81
169974,1497
169983,2092
169992,1310
170000,1230
170037,2423
170055,21520
170082,23943
170091,181
170240,19042
170286,1529
170301,3601
170444,7546
170532,1467
170541,12807
170550,6278
170587,2110
170611,198
170620,5377
170639,2559
170657,21387
170675,3066
170736,71
170790,31464
170806,3280
170842,804
170967,1295
170976,29124
171012,169
171100,42452
171128,6035
171137,8088
171146,7948
171155,5796
171225,4260
171234,2211
171261,97
171304,6386
171322,1086
171395,3583
171456,8660
171465,65
171483,4713
171492,4018
171535,32936
171571,19641
171599,1061
171775,85
171881,271
171988,255
171997,351
172015,435
172033,336
172051,9781
172200,18847
172264,3105
172291,4856
172307,3064
172325,1036
172334,2885
172422,524
172440,622
172495,318
172608,1317
172617,20696
172635,25478
172644,20795
172671,1546
172680,80
172699,20265
172802,101
172866,177
172918,3958
172927,89
172954,2781
172963,12211
173045,2837
173063,4138
173115,2011
173124,5905
173142,607
173160,3141
173203,5499
173258,2093
173300,2202
173328,3218
173416,4172
173452,1225
173461,8118
173470,23
173489,197
173559,8422
173629,888
173638,4707
173647,2386
173665,2413
173708,7813
173726,28
173735,1733
173744,750
173799,8093
173805,1630
173887,994
173902,2238
173911,4792
173920,15299
173966,281
173984,1373
173993,1882
174020,10305
174066,44505
174075,3410
174118,218
174127,724
174136,12255
174154,411
174190,193
174233,10374
174251,2020
174279,817
174321,133
174358,6088
174376,10424
174385,332
174394,101
174428,14632
174437,1251
174473,4936
174491,3722
174507,286
174525,122
174570,2547
174604,441
174738,7515
174747,1989
174756,6336
174783,16344
174792,1781
174817,1919
174844,3122
174862,1051
174899,3233
174914,6494
174978,208
175005,3810
175014,6511
175041,9452
175078,8200
175120,634
175157,802
175227,1402
175236,4979
175263,2779
175272,8818
175315,12395
175342,3304
175421,3514
175430,529
175494,122
175519,2952
175528,803
175573,4030
175607,46
175616,3044
175643,3114
175652,7050
175698,51
175722,41
175786,16013
175810,8401
175829,7559
175856,8693
175883,6320
175935,4616
175980,783
176008,3621
176017,20903
176035,2981
176044,2355
176053,3323
176062,76
176071,12539
176080,19030
176169,4357
176178,10733
176239,6011
176318,1005
176336,57
176354,2439
176372,13747
176390,244
176406,934
176479,3464
176628,1668
176664,370
176716,214
176770,999
176789,293
176798,328
176910,283
176947,1133
176965,12928
176983,98
176992,19
177038,88
177056,139
177065,23686
177083,98
177117,328
177135,7109
177144,1153
177214,4633
177250,4265
177287,253
177302,1332
177339,1818
177418,1268
177436,36
177472,18658
177542,1291
177551,1805
177579,613
177588,51
177603,75
177676,6258
177685,102
177719,939
177746,657
177816,51
177870,13
177931,58
177940,3419
177968,9539
177977,1481
177986,96
177995,25521
178004,267
178059,3068
178077,140
178110,189
178183,349
178208,546
178217,5086
178244,4547
178262,126
178305,899
178314,29
178341,6570
178369,2029
178387,6090
178396,29984
178402,13702
178411,7163
178420,17327
178448,7505
178466,137
178484,169
178527,52
178615,6190
178624,6311
178679,737
178697,1577
178721,15066
178767,154
178828,77
178891,2745
178989,317
179043,2226
179052,140
179070,228
179159,14458
179195,59
179229,58
179238,48
179256,198
179265,445
179308,30827
179326,3434
179344,2600
179450,562
179511,470
179539,6832
179548,768
179557,12162
179566,21677
179645,5064
179715,2176
179867,8440
179894,3853
179919,987
179946,1052
179955,1150
179964,1204
179991,42
180054,648
180063,57
180081,1086
180090,144
180106,1515
180151,545
180160,484
180179,5062
180197,3485
180203,372
180212,547
180249,2521
180258,1167
180276,1853
180328,459
180373,776
180391,56
180416,2306
180461,15081
180489,12291
180522,1510
180595,994
180647,1090
180692,1747
180771,37
180814,7814
180832,936
180878,682
180902,9247
180948,2874
180957,168
180984,1964
181002,4586
181020,1078
181093,508
181127,1200
181145,31
181190,355
181215,5598
181242,706
181297,924
181303,25131
181312,5836
181330,1582
181376,146
181394,14621
181400,931
181419,290
181428,1015
181446,3719
181464,21433
181491,6722
181534,2947
181543,39
181604,932
181640,14723
181738,901
181765,563
181783,3328
181792,14
181817,2609
181853,443
181880,341
181941,771
182005,48615
182111,1221
182148,610
182281,27033
182290,19708
182306,4542
182458,553
182500,15582
182564,4970
182634,1231
182652,79
182661,685
182670,4695
182704,122
182722,164
182795,1874
182892,78
182917,89
182953,217
182980,2166
182999,55
183026,72585
183035,52
183044,13852
183062,4529
183071,1038
183080,4518
183099,5729
183105,1434
183114,1733
183123,2312
183132,4736
183141,3230
183150,3135
183202,73
183211,1865
183239,1976
183248,223
183257,2883
183275,88
183488,742
183600,33
183655,8860
183725,835
183743,20115
183789,5677
183804,3235
183822,2185
183859,20133
183877,15183
183910,1733
183938,17288
183974,1751
183983,129
184047,101
184056,641
184092,1104
184180,11308
184205,4325
184278,117
184348,1633
184427,450
184481,14986
184506,175
184603,6528
184612,1937
184694,2678
184746,263
184773,1725
184782,14726
184791,9611
184816,171
184870,656
184959,1251
184968,175
184995,12248
185129,7469
185174,99
185262,13730
185332,652
185396,1732
185466,383
185509,11603
185536,17846
185572,4992
185590,18348
185651,71
185679,446
185721,653
185767,447
185828,8992
185873,13236
185970,299
186016,515
186034,11550
186052,1187
186131,5666
186186,264
186201,6456
186274,305
186283,4520
186335,62
186371,5822
186380,39735
186399,9529
186405,19
186423,60
186432,2825
186469,1616
186584,6349
186593,209
186618,855
186645,11936
186867,3076
186876,8971
186900,85
187000,174
187046,16506
187134,7217
187161,240
187198,15169
187444,11184
187505,1657
187532,37967
187596,2284
187602,88
187620,10867
187639,5426
187648,5781
187666,3785
187745,743
187897,2715
187903,4248
187912,455
187958,3160
187967,1755
187976,1907
187985,23419
187994,3210
188003,3246
188021,1778
188030,14169
188049,3466
188058,1484
188100,10592
188137,7530
188146,980
188182,506
188216,574
188225,2337
188261,1326
188289,108
188304,3263
188340,1938
188429,5391
188438,5061
188517,746
188526,1008
188641,2014
188650,887
188669,107
188678,290
188687,689
188696,311
188854,1829
188890,1986
188915,66
188942,181
188988,427
189088,2135
189097,2669
189219,502
189228,6828
189264,32
189273,45
189282,268
189404,174
189413,1149
189422,791
189459,1714
189468,204
189477,295
189547,9306
189556,603
189565,592
189574,869
189583,1133
189592,781
189705,2966
189714,432
189811,750
189839,6800
189848,1169
189857,539
189954,100
189990,691
190008,60
190044,3352
190053,2110
190071,121
190099,3004
190114,1065
190150,8623
190169,2391
190239,212
190248,1114
190293,164
190309,61
190318,463
190372,942
190415,14606
190442,5261
190451,363
190503,4313
190512,18799
190521,35506
190530,15494
190549,17563
190558,15614
190567,15744
190576,2561
190585,9979
190594,20523
190600,15452
190619,23264
190628,26103
190637,14558
190646,8862
190655,21064
190664,20154
190673,21271
190691,10664
190707,24
190716,2048
190725,2260
190752,50
190761,1677
190840,12039
190956,151
190974,615
190983,1360
191083,22075
191126,11267
191199,9789
191205,731
191241,9785
191287,894
191302,3091
191311,377
191339,8305
191409,86
191515,2036
191533,1459
191597,669
191612,4785
191621,1515
191630,2378
191649,7362
191676,1095
191719,16925
191728,2020
191834,567
191931,3558
191940,82
191959,139
191968,6582
191986,5839
192004,376
192022,5270
192040,158
192110,600
192156,182
192165,148
192192,1995
192271,2099
192323,3118
192439,5210
192448,6762
192484,188
192509,2278
192563,91
192624,156
192688,1197
192703,3675
192712,495
192749,1856
192785,981
192800,56
192819,6112
192864,2098
192925,1841
192961,123
192970,21
193016,9864
193052,264
193061,32
193070,50
193122,172
193186,152
193201,1275
193247,149
193265,111
193283,9007
193292,6448
193308,8654
193326,27586
193353,2393
193399,1706
193478,30035
193584,2172
193609,80
193645,3595
193654,8586
193672,80
193760,750
193858,637
193900,30000
193946,7343
193973,3485
193991,68
194028,2176
194091,4407
194116,513
194161,1822
194189,138
194222,18756
194240,8830
194259,44
194310,10231
194392,913
194435,204
194499,1248
194569,436
194578,4513
194657,164
194666,286
194693,51
194736,160
194763,260
194824,5914
194879,164
194958,1551
195003,15289
195030,6821
195058,9723
195067,947
195128,1768
195164,1684
195173,2740
195191,292
195216,2532
195234,2768
195243,1932
195289,184
195304,1422
195322,8062
195438,138
195474,3246
195526,2798
195544,4656
195702,215
195720,2992
195784,739
195809,17701
195845,580
195933,719
195988,2114
196006,4193
196015,4914
196024,3831
196033,2770
196042,11888
196051,3557
196060,14671
196079,14663
196088,22503
196097,19410
196103,1867
196112,2371
196121,7938
196130,10293
196149,6829
196158,4831
196167,5856
196176,7749
196185,6311
196194,8225
196200,3907
196219,4849
196237,5183
196246,6043
196255,445
196264,17171
196291,1817
196307,247
196389,927
196413,27675
196431,354
196440,13
196477,2850
196565,9660
196583,125
196592,8689
196653,1731
196680,50736
196699,4551
196866,2277
197018,2099
197027,908
197036,4536
197045,3623
197081,337
197133,2625
197142,604
197151,4036
197197,1874
197221,91
197230,581
197285,1426
197294,20828
197337,123
197522,380
197531,807
197601,137
197610,22
197647,99
197674,226
197692,79
197708,2949
197735,634
197744,211
197814,3363
197832,1195
197850,3537
197869,17469
197887,10675
197911,1073
197966,2288
197984,1676
197993,641
198011,2231
198039,2902
198066,759
198084,2208
198109,516
198118,5136
198136,5409
198154,13179
198190,80
198206,2173
198215,1391
198233,6376
198251,6656
198260,29866
198303,1606
198321,4239
198330,6579
198367,4352
198376,5237
198385,1928
198419,7253
198455,7474
198464,25671
198491,3491
198507,1823
198516,6111
198534,19474
198543,6633
198552,12238
198561,2879
198570,7571
198598,1024
198613,2150
198622,16522
198640,1691
198668,2395
198677,67
198695,4556
198710,3223
198729,1636
198747,138
198756,1515
198774,5379
198808,1121
198817,4488
198835,1706
198844,159
198862,1498
198871,864
198899,1499
198905,1229
198914,1538
198923,1638
198941,78
198950,1815
198969,2526
198978,6460
198987,4167
199005,32
199023,1112
199032,893
199069,4043
199078,350
199087,3812
199102,10489
199111,4353
199120,19312
199139,25928
199148,18592
199157,7226
199184,873
199193,27249
199209,2594
199218,14730
199263,659
199272,1157
199281,6557
199306,998
199324,1841
199333,12598
199412,1846
199421,3605
199449,3265
199458,232
199467,1283
199476,2707
199485,2409
199494,8271
199582,905
199607,977
199625,1954
199634,5693
199643,1684
199670,178
199689,302
199698,696
199722,1983
199731,3472
199740,4061
199759,620
199768,4275
199786,6562
199795,1651
199838,4433
199847,4966
199856,30911
199865,819
199883,182
199892,3922
199908,2731
199926,3168
199953,2856
199962,2101
199971,58
199980,106
199999,5573
200004,9890
200013,1014
200022,5225
200059,1636
200086,342
200110,90
200129,72
200156,988
200165,65
200192,2972
200208,310
200217,2530
200226,1275
200253,3792
200262,11
200280,14247
200305,3752
200314,965
200332,13063
200341,1424
200387,52
200466,405
200484,230
200527,829
200554,547
200572,1547
200590,249
200624,46
200633,350
200785,867
200800,21460
200828,94
200846,2584
200873,80
201016,304
201034,1270
201061,208
201098,77
201104,4850
201131,135
201140,92
201159,410
201177,490
201195,3680
201283,1536
201371,990
201399,298
201432,2818
201441,15849
201469,771
201478,236
201496,416
201539,118
201548,3139
201645,5298
201654,3589
201672,5634
201681,152
201690,1877
201751,539
201803,138
201821,864
201858,715
201867,106
201885,28056
201928,15161
201946,4264
201955,6307
201964,5098
201973,8698
201982,80
202046,618
202055,319
202073,243
202134,14415
202152,162
202161,582
202170,1124
202222,45332
202356,39832
202435,245
202453,73
202480,8999
202514,733
202523,2283
202648,3951
202657,608
202684,683
202763,4098
202806,5766
202888,73
202903,327
202912,455
202949,356
202985,65
203030,185
203085,1096
203128,1202
203146,700
203155,5394
203225,165
203234,228
203289,96
203331,4808
203368,3325
203386,2689
203438,233
203447,3763
203456,2413
203465,7329
203474,4581
203483,2874
203492,2621
203517,27443
203526,4353
203535,1764
203544,911
203580,1046
203599,10740
203614,511
203678,5969
203720,651
203739,457
203748,14816
203757,1348
203775,1591
203845,1347
203881,3472
203942,116
203960,1538
204006,3811
204015,2420
204024,17717
204060,244
204121,91
204158,556
204176,1146
204185,2137
204194,2104
204200,1726
204255,3937
204264,2045
204316,485
204334,57
204422,3782
204431,30
204440,6734
204459,110
204468,1985
204486,4963
204501,3042
204608,1283
204617,2090
204626,524
204635,2440
204662,827
204671,1248
204680,1548
204699,1251
204705,2824
204714,182
204723,231
204769,235
204778,191
204796,48487
204802,2297
204820,3627
204839,3433
204848,3992
204857,27817
204866,3720
204884,285
204893,75
204909,1734
204936,2490
204945,17155
204963,97
204981,146
205027,132
205054,484
205090,117
205124,44
205142,207
205179,1608
205203,2490
205391,178
205443,3805
205470,34205
205513,135
205522,40
205531,21
205559,184
205610,931
205647,454
205841,15352
205887,1214
205957,2249
205966,3503
206011,3342
206039,67
206048,2956
206084,17965
206154,64
206172,72
206181,138
206224,232
206279,1633
206321,765
206330,3513
206349,706
206394,206
206437,2433
206446,2063
206482,300
206491,801
206507,1185
206525,1870
206589,2077
206604,14240
206613,1602
206622,4941
206695,12964
206783,18
206817,1020
206835,1629
206862,1741
206880,130
206905,118
206914,5725
206923,2902
206932,306
206941,17659
206969,46
206996,3012
207041,4367
207050,2149
207069,3598
207087,55
207102,156
207157,360
207166,14
207209,2434
207236,3015
207254,1366
207263,8245
207272,27
207281,6657
207290,2764
207306,2294
207324,2114
207342,1002
207351,1479
207388,23193
207397,9101
207403,2048
207449,19668
207458,2007
207500,23570
207537,51
207564,3683
207582,3601
207625,327
207661,4997
207670,9648
207689,754
207704,103
207722,968
207740,2463
207786,38
207847,3926
207856,865
207865,5093
207935,25039
207962,1750
207971,3699
208017,33
208026,409
208035,2076
208044,43
208053,329
208080,57
208123,120
208187,271
208239,1189
208248,128
208275,3988
208318,9460
208390,19353
208406,14219
208415,2233
208433,83
208479,1064
208488,1389
208512,423
208637,296
208646,5258
208655,160
208725,152
208822,2733
208859,61
209038,12159
209056,2241
209065,1751
209074,11466
209083,140
209108,669
209153,68
209205,143
209241,80
209250,15629
209287,450
209409,691
209490,945
209506,6456
209533,129
209542,28849
209551,22625
209603,421
209612,1977
209667,94
209676,175
209694,55
209700,234
209719,44
209746,51474
209807,28348
209825,4073
209922,1491
209940,9258
209986,48
210076,1770
210100,97
210146,6569
210155,2984
210234,3449
210270,3120
210304,698
210331,1204
210340,84
210359,130
210401,2149
210429,7376
210438,113
210456,264
210474,133
210483,410
210492,295
210571,2349
210599,672
210605,26778
210669,1981
210711,129
210739,2800
210748,80
210775,2909
210784,274
210809,19445
210890,177
210906,255
210942,2094
210951,175
210960,1209
211006,546
211024,731
211079,3055
211088,2827
211149,243
211158,9978
211200,445
211273,1430
211291,3721
211307,14368
211316,115
211334,74
211343,4963
211352,1673
211361,6769
211431,1658
211440,6869
211468,1699
211477,1914
211556,1261
211583,1633
211608,803
211617,1060
211635,186
211644,5283
211802,256
211820,174
211893,132
211909,159
211927,17803
211981,2125
212009,2427
212045,434
212054,18721
212106,6410
212115,6870
212133,2478
212160,5844
212197,1814
212230,58
212267,177
212276,151
212294,66
212300,71
212328,182
212337,205
212355,229
212373,74
212382,199
212391,171
212434,539
212452,81
212568,264
212577,2417
212601,3328
212656,1656
212674,2664
212753,213
212771,118
212805,2445
212832,2397
212869,1828
212878,27062
212911,1305
212975,426
212984,2226
212993,83
213002,814
213011,2125
213020,13061
213163,56
213181,481
213215,235
213233,505
213251,1611
213303,1658
213321,2269
213330,33
213349,8908
213358,1619
213367,4284
213376,2697
213385,2541
213400,1721
213455,346
213473,276
213491,66
213507,1807
213525,9735
213534,1700
213543,5325
213552,95
213570,796
213589,487
213598,1808
213613,4528
213622,102
213659,8244
213668,1394
213774,809
213783,2476
213826,2194
213871,451
213914,477
213932,142
213987,2665
213996,2916
214023,79
214041,8025
214069,2619
214111,18729
214148,416
214157,2071
214166,3002
214175,2534
214254,1114
214272,2753
214290,1075
214379,14154
214476,55
214528,565
214546,90
214582,1189
214591,4432
214625,827
214634,615
214643,560
214652,1184
214670,1015
214689,3938
214698,803
214704,3189
214713,4247
214731,1648
214740,700
214759,783
214768,960
214777,43073
214786,656
214795,994
214801,4705
214810,883
214829,1234
214883,2242
214892,368
214944,681
214962,61
214971,198
215008,112
215044,343
215053,227
215062,13341
215099,3098
215105,1759
215114,1069
215132,1572
215239,26846
215266,1607
215275,1637
215284,2931
215293,20635
215309,378
215336,65
215381,1101
215390,321
215415,2858
215442,3748
215479,96
215530,68
215585,5882
215594,657
215637,414
215646,613
215655,4960
215682,685
215691,876
215743,2725
215770,5757
215798,1686
215886,76
215929,4068
215947,3104
215974,280
215983,45
215992,289
216010,6402
216038,8601
216047,79
216074,143
216083,697
216162,248
216223,79
216278,2413
216287,1606
216296,1160
216311,118
216339,31311
216357,970
216366,953
216418,869
216427,92
216436,318
216445,297
216454,231
216524,1663
216542,1055
216551,386
216579,155
216597,7871
216630,89
216649,29
216667,1403
216694,1500
216746,142
216764,15787
216773,124
216782,336
216807,1229
216825,8943
216852,3955
216931,2693
217013,709
217040,61
217059,5011
217077,2015
217156,7214
217165,3519
217235,9612
217305,3995
217323,777
217350,32
217402,4460
217420,8445
217475,21677
217484,15742
217493,2045
217518,4923
217536,2252
217572,116
217581,190
217606,365
217615,3423
217624,676
217633,3074
217688,3873
217712,3351
217721,2729
217749,3036
217776,1629
217794,161
217819,11319
217828,74
217837,1505
217864,2898
217873,2123
217882,19593
217891,174
217907,1274
217925,571
217934,1871
217961,853
217989,1492
217998,652
218025,8214
218043,158
218061,3941
218070,2887
218113,16442
218140,9349
218159,228
218195,179
218229,2892
218238,3431
218335,403
218353,15072
218399,910
218414,1115
218441,2492
218487,3750
218520,7162
218539,1134
218645,3710
218654,2247
218663,25594
218672,2489
218681,1343
218690,1166
218706,1028
218724,10435
218733,2875
218742,6352
218821,814
218830,6812
218858,4864
218867,40
218885,7985
218894,20607
218919,467
218955,926
218964,5640
218973,1702
218991,6531
219000,1700
219037,137
219046,5346
219082,3987
219091,1042
219125,129
219143,2199
219170,30
219189,1641
219198,1483
219204,2581
219213,682
219259,4225
219277,1848
219295,927
219338,17
219347,2793
219356,13235
219374,823
219383,1422
219392,24
219408,248
219426,2850
219453,164
219471,9386
219480,1374
219505,178
219578,379
219587,89
219596,384
219602,10669
219639,1211
219709,6347
219718,5837
219790,1619
219806,1875
219824,12233
219833,1642
219842,227
219851,27
219879,4531
219888,7065
219903,2524
219921,402
219949,1542
219976,3546
219994,1086
220002,300
220057,3629
220075,12793
220118,577
220127,854
220163,86
220181,819
220206,358
220215,1464
220251,312
220279,835
220312,298
220321,624
220394,349
220400,6582
220464,131
220473,991
220491,336
220516,3199
220552,1749
220598,1543
220604,1112
220613,5177
220631,1820
220640,827
220701,1192
220710,1266
220756,238
220765,477
220808,375
220853,1617
220862,19345
220978,23722
221050,1092
221096,6648
221102,587
221148,2390
221157,214
221184,14017
221236,574
221254,203
221281,569
221333,1485
221351,2130
221388,646
221397,7515
221430,457
221485,13414
221494,912
221519,1810
221582,474
221591,641
221607,395
221616,623
221625,2121
221634,333
221643,14472
221661,2884
221731,1191
221740,11060
221759,23677
221768,7256
221795,109
221829,344
221838,8222
221847,10658
221892,2210
221908,7646
221953,1883
221971,2990
221999,7046
222026,63
222053,10812
222062,7435
222099,446
222105,397
222178,3845
222567,8145
222576,13013
222628,386
222822,7068
222831,8132
222877,238
222886,332
222938,2358
222983,1276
222992,65917
223056,108
223083,694
223117,70
223232,14785
223320,5952
223427,26662
223463,1137
223472,385
223506,6348
223524,23681
223773,13668
223816,35434
223852,74
223898,4610
223922,2039
224004,2017
224013,42
224110,13868
224147,10685
224156,473
224226,3930
224244,340
224271,209
224323,1474
224350,15165
224527,1300
224545,1796
224554,8943
224572,26205
224615,17807
224642,38426
224660,797
224679,1516
224758,73
224776,1340
224828,124
224891,1828
224961,3119
225070,6002
225201,1178
225247,1820
225308,10019
225371,6180
225399,2666
225414,6916
225423,84709
225432,16129
225502,3601
225511,39756
225520,5432
225548,1158
225575,1114
225627,8389
225779,60
225788,117
225876,865
225885,1171
225991,158
226019,7804
226091,11465
226107,3133
226116,2665
226125,238
226134,11485
226152,7869
226204,9855
226231,3108
226277,1426
226374,93
226383,1717
226408,5622
226471,3428
226578,13101
226587,1265
226675,378
226772,53
226806,10622
226833,6039
226860,48
226879,250
226903,653
226930,16583
227003,442
227058,151
227146,13386
227155,29
227182,107195
227191,19013
227216,34448
227225,4146
227298,537
227304,7910
227313,341
227322,409
227331,1625
227368,27811
227377,6011
227386,3448
227401,7093
227429,588
227526,7650
227687,2812
227748,388
227757,4051
227766,33200
227836,937
227845,4300
227854,21335
227863,1927
227881,19163
227924,36935
227979,40988
228042,1338
228088,43
228149,2443
228158,13019
228185,70
228200,608
228219,708
228246,6866
228282,148
228316,7423
228325,1989
228343,1559
228431,12040
228459,36791
228468,962
228486,169
228501,2626
228529,12194
228547,76664
228608,7292
228644,1200
228653,979
228699,5477
228705,7607
228723,51788
228769,39975
228778,42193
228787,17084
228796,23771
228802,7349
228875,9261
228884,952
228981,1467
229018,7119
229027,27364
229036,628
229063,7720
229115,31494
229160,2293
229179,11785
229267,2298
229300,946
229337,2513
229355,15134
229416,2569
229425,285
229504,6989
229522,222
229540,5390
229656,353
229780,5633
229799,7856
229814,8330
229832,4692
229841,10597
229887,1377
229957,82
230010,1600
230038,35781
230047,3463
230056,258
230065,278
230135,63
230144,39
230162,6024
230171,10945
230199,50
230205,42
230214,386
230366,635
230418,2986
230490,4372
230597,6020
230603,14451
230621,329
230630,267
230676,2304
230728,29981
230737,43017
230746,43197
230764,28297
230782,31790
230807,2512
230816,758
230834,2188
230852,4680
230861,9497
230889,236
230898,633
230913,1627
230931,1345
230940,295
230959,3849
230977,450
230995,3207
231004,131
231059,2094
231077,284
231086,524
231095,187
231165,1955
231174,12804
231280,105
231411,1006
231420,883
231536,5834
231554,1223
231581,1896
231624,6890
231651,3758
231688,46
231697,6144
231712,5150
231721,64
231785,829
231828,887
231837,901
231873,1806
231882,5007
232016,391
232025,1050
232043,1482
232052,987
232089,1396
232186,30789
232195,9520
232256,1112
232265,3877
232308,674
232414,16236
232423,21306
232450,14135
232502,249
232557,65425
232566,5256
232575,9236
232609,2227
232618,214
232672,1621
232681,4761
232706,2748
232724,31
232788,3671
232797,2034
232867,6605
232885,576
232919,942
232937,5078
232946,75858
232982,22680
233019,3322
233037,2114
233082,154
233091,637
233116,7595
233277,9379
233286,137
233295,1461
233301,702
233310,4690
233329,546
233338,2602
233356,647
233374,3910
233408,341
233426,2098
233480,25
233541,2608
233611,817
233639,6271
233648,3545
233666,41
233684,6917
233718,394
233754,13966
233772,37428
233897,3426
233903,3022
233921,26211
233949,11850
234030,26329
234076,18930
234085,1762
234119,70
234137,380
234155,4542
234164,1626
234173,1572
234191,188
234207,1867
234359,326
234377,3916
234401,80
234492,1654
234650,84
234669,20975
234696,3623
234711,2944
234739,179
234827,15296
234845,5310
234915,1382
234924,186
234933,15003
234951,6184
234979,8969
235024,730
235088,452
235097,12580
235103,13714
235149,14242
235158,242
235167,4691
235237,10420
235307,182
235316,5187
235334,2917
235343,11880
235352,79
235422,947
235431,10274
235501,572
235547,272
235583,291
235671,5320
235699,4957
235750,4240
235954,36
236018,143
236072,10044
236133,994
236188,10617
236212,1207
236230,3054
236258,3281
236328,2520
236382,7009
236452,1631
236504,9750
236513,10231
236531,88
236577,3467
236595,5187
236610,8951
236638,7993
236656,6997
236692,16883
236708,8222
236744,105
236753,11102
236887,7553
236896,1843
236939,27313
236948,34486
236975,4556
237011,16084
237039,6112
237057,1562
237066,2427
237109,5917
237118,1149
237127,33
237136,304
237145,35
237172,403
237181,826
237215,1734
237242,127
237303,164
237312,2344
237321,119
237330,2456
237358,918
237367,4359
237385,2269
237437,1297
237473,154
237491,66
237525,11018
237543,182
237552,154
237561,85
237570,103
237598,260
237613,109
237640,463
237686,3349
237701,1732
237729,222
237783,776
237792,4162
237817,2096
237844,169
237899,3852
237905,45
237932,2342
237950,1497
237969,1434
237978,120
237987,237
237996,702
238005,83
238014,2924
238032,24343
238078,1168
238096,56
238166,128
238175,200
238193,1681
238263,19998
238324,435
238333,1467
238397,3095
238430,2102
238458,3255
238476,3087
238573,175
238616,4543
238661,2001
238722,16326
238759,13115
238786,98
238810,77
238980,3515
239008,4927
239017,1583
239071,1118
239080,1842
239105,8488
239220,4649
239248,21780
239309,629
239318,2825
239372,9611
239390,828
239442,1644
239460,8812
239488,12804
239512,597
239628,810
239716,2176
239743,509
239877,85
239910,3786
239929,1183
240055,17351
240107,2170
240116,8589
240125,11616
240170,5878
240189,12637
240198,4146
240240,185
240268,10944
240277,7719
240329,10385
240338,1264
240365,14287
240374,4963
240392,4560
240417,9288
240426,2862
240444,33400
240453,25552
240462,8727
240471,6126
240480,9724
240505,4960
240514,2790
240596,2421
240620,6320
240657,2383
240666,6731
240693,5347
240709,51
240718,750
240727,11301
240736,1635
240745,3214
240754,4233
240790,1348
240879,540
240985,600
241100,769
241128,1056
241146,1338
241182,924
241191,1517
241216,1686
241225,1722
241304,1889
241331,579
241377,1841
241386,566
241395,748
241410,5954
241517,1210
241614,318
241720,1625
241739,13075
241766,440
241836,1616
241906,451
241951,603
242042,750
242112,1901
242121,778
242130,686
242149,689
242316,310
242413,608
242422,14853
242556,1108
242565,667
242583,795
242617,4664
242626,4765
242635,4531
242644,2386
242653,7687
242662,5655
242680,2317
242699,2267
242705,4913
242750,178
242820,1620
242945,373
242954,101
242972,6801
242981,1764
243072,2837
243106,3606
243115,4109
243133,5118
243142,4212
243151,3859
243179,4219
243188,1750
243197,12285
243203,445
243212,3719
243221,13693
243346,13204
243443,4697
243568,177
243577,4085
243586,1569
243601,16383
243638,2701
243647,800
243665,2573
243744,8302
243780,31985
243799,57
243823,443
243832,2423
243841,1101
244233,780
244279,264
244437,31783
244446,5666
244491,123
244561,547
244613,403
245069,72
245281,67
245290,57
245342,1625
245421,106
245430,156
245625,3537
245652,358
245731,17
245777,102
245838,668
245847,227
245883,197
245892,69
245953,2345
245962,464
245980,70
245999,3077
246017,413
246035,386
246071,120
246202,714
246266,1054
246354,17722
246406,62
246415,93
246460,127
246813,5798
246895,965
246974,765
247010,59
247047,133
247065,1199
247153,434
247162,24
247409,310
247603,3934
247649,539
247700,663
247773,68
247825,32
247834,42465
247940,4989
248192,37
248305,134
248527,53
248606,1463
248624,136
248633,84
248660,285
248703,259
248846,128
248882,436
248925,1333
248934,17719
249140,567
249238,499
249566,534
249609,279
250027,320
250072,223
250285,638
250601,592
250744,976
250902,96
250993,578
251075,372
251260,7127
251312,1578
260293,1118
260336,44
260354,114
260363,31
260372,649
260664,511
260691,1745
260789,1031
260813,294
260901,53104
260910,467
260929,240
260947,52
260965,103
260992,1327
261436,1277
261676,181
261685,190
261719,404
261773,16
261861,158
262031,9698
262086,5596
262129,884
262165,129
262332,1683
262341,1003
262369,172
262402,324
262466,139
262509,628
362700,586
362782,280
363013,118
363077,274
363147,185
363165,1327
363439,433
363590,482
363633,2200
363679,233
363712,32
363882,86
363907,1018
363916,490
363934,819
364016,12516
364025,19040
364122,6
364168,470
364335,407
364548,338
364575,42
364627,458
364636,140
364751,158
364760,95
364946,467
364955,961
364964,185
364973,697
365055,578
365091,515
365125,220
365198,812
365204,7990
365213,554
365240,47
365374,1542
365383,182
365480,830
365505,72
365693,206
365763,73
365824,300
365833,431
366003,214
366155,30
366191,1744
366252,6161
366261,342
366270,637
366289,270
366340,1244
366395,33443
366401,12629
366438,110
366465,3196
366535,562
366553,1903
366571,23
366623,103
366632,28
366711,12644
366748,703
366960,715
367024,1123
367051,121
367088,98
367097,166
367103,89
367112,1165
367158,150
367194,465
367334,459
367361,94
367398,518
367431,56
367459,11172
367839,144
367875,249
367884,2068
367909,274
367936,737
367972,208
367981,147
368036,45
368230,239
368364,361
368407,110
368443,1255
368452,341
368540,41
368629,1155
368647,43
368771,236
368780,553
368832,64
368911,2430
369109,83
369400,3923
369419,2512
369446,73
369455,131
369516,489
369668,318
369686,271
369695,126
369783,711
369862,812
369905,592
369950,336
371034,23
371052,684
371690,1448
371830,114
371928,174
371964,419
372000,94
372028,218
372073,488
372082,274
372240,38
372329,3250
372356,99
372462,226
372718,402
372772,462
372921,1148
372958,550
373058,232
373085,381
373216,67
373456,22
373526,651
373678,257
373696,239
373711,94
373784,1191
374316,101
374343,94
374440,19
374574,762
374592,95
374875,1437
374927,98
374972,940
374990,99
375106,192
375230,109
375300,249
375319,106
375373,316
375407,151
375416,737
375489,572
375540,123
375568,78
375647,80
375656,193
375683,1007
375692,195
375708,129
375717,114
375726,815
375735,279
375744,522
375753,29
375762,114
375841,395
375939,391
375966,161
375984,523
376224,977
376242,470
376288,96
376321,3196
376330,536
376385,1389
376446,148
376631,58
376677,165
376695,1319
377111,601
377193,67
377218,251
377272,52
377281,79
377315,114
377342,768
377449,457
377458,472
377485,61
377546,119
377555,5748
377564,4818
377652,582
377661,286
377670,242
377722,579
377759,52
378105,302
378576,207
378886,284
378956,992
379621,76
379746,122
379782,362
380067,183
380094,105
380359,635
380368,2682
380377,907
380438,641
380456,138
380465,581
380474,493
381255,188
381282,269
381325,236
381361,90
381370,374
381404,469
381486,18
381529,410
381699,41
381732,281
381866,90
381945,575
382063,215
382258,172
382267,146
382276,405
382416,83
382461,70
382504,459
382771,935
382780,268
382896,726
382902,97
382911,140
382957,689
383020,27
383084,5722
383163,489
383172,50
383190,3958
383279,248
383297,336
383312,86
383330,109
383367,312
383464,162
383525,151
383765,220
383792,252
383899,1366
383950,341
383996,992
384236,568
384245,1012
384254,303
384333,12571
384342,8981
384412,202
384421,102
385008,280
385132,157
385503,495
385549,159
385619,2058
386153,337
386472,780
387660,5
387819,72
387925,369
388043,959
388520,612
388663,217
389727,668
389860,241
390701,12378
390905,276
391005,450
391546,272
391564,218
391759,53
392257,2034
392354,27
392415,414
392798,64
392840,295
393180,106
393524,143
393649,1284
393861,1039
393977,62
395195,82
395362,2254
395690,1187
397270,231
397942,1541
398130,441
399212,16866
399869,876
399911,434
400080,957
400187,795
401223,163
401481,68
401764,318
402563,364
402776,155
402800,235
403414,55
403469,7651
403478,1544
403487,17473
404037,28
404055,656
404338,68
404365,555
404374,392
404383,661
404426,5480
404499,355
404505,217
404514,257
404684,601
404718,41
404806,474
404912,1332
404994,7350
405012,181
405021,102
405058,155
405076,829
405748,124
405854,194
405872,4780
405997,910
406024,1462
406033,2020
406149,158
406325,176
406361,22
406413,81
406422,150
406486,111
406495,172
406547,695
407009,3613
407054,254
407090,475
407142,141
407151,147
407179,224
407285,108
407328,187
407355,322
407391,225
407407,219
407425,204
407434,113
407452,117
407461,219
407470,249
407489,171
407513,444
407522,27
407568,158
407577,264
407595,116
407601,103
407610,51
407683,364
407708,346
407735,97
407832,466
408039,510
408066,179
408163,95
408312,185
408385,1099
408729,179
408844,5901
408862,453
409032,618
409120,171
409193,618
409315,45362
409537,92
409591,179
409698,7308
410070,897
410283,936
410496,768
410502,1650
410520,544
410788,336
410797,313
410964,49
411684,159
411754,47
412003,40
412173,611
412535,42
412544,212
412599,892
412650,415
413176,42
413343,23
413413,15799
413617,722
413626,429
413680,744
413778,367
413802,739
413820,35
413893,469
413945,121
413972,68
414054,133
414063,218
414124,507
414452,36
414461,3883
414489,122
414540,484
414595,218
414823,1956
414869,221
414878,746
414911,3216
414939,313
415039,139
415057,159
415729,17
415987,731
416458,537
416670,127
416801,443
417008,148
417062,124
417105,596
417123,288
417178,61
417187,34
417248,71
417257,39
417275,11
417318,15
417327,575
417381,242
417406,84
417442,141
417503,291
417549,328
417600,37
417628,49
417637,111
417646,23
417655,37
417673,18
417682,24
417716,234
417725,121
417734,262
417752,129
417789,119
417804,112
417831,93
417840,535
417868,74
417886,132
417910,217
417947,40
417983,69
417992,77
418001,265
418010,58
418029,29
418038,164
418056,154
418065,393
418083,69
418126,605
418171,58
418199,281
418205,621
418223,126
418250,389
418269,166
418278,95
418296,837
418302,600
418320,955
418339,581
418348,698
418357,72
418384,26
418409,1090
418427,140
418445,66
418454,196
418481,53
418515,245
418524,58
418533,609
418542,146
418560,111
418588,63
418603,88
418612,30
418658,592
418755,116
418764,198
418773,789
418782,495
418870,394
418889,294
418913,42
418968,68
419031,38
419095,67
419147,30
419156,56
419183,457
419217,91
419226,624
419235,230
419244,262
419253,204
419271,18
419280,56
419314,31
419332,32
419341,118
419411,303
419420,100
419457,155
419484,24
419633,124
419660,755
419703,623
419712,209
419721,289
420006,295
420024,431
420042,1511
420103,322
420130,317
420200,83
420255,116
420307,5207
420316,1056
420325,99
420343,1163
420370,509
420398,27477
420431,2330
420440,2364
420459,439
420468,422
420495,214
420538,1935
420556,1693
420574,4076
420608,150
420723,601
420866,100
420981,889
421513,208
421540,294
421559,194
421610,66
421665,31
421708,948
421717,52
421771,64
421832,485
421841,311
421878,229
421896,628
422190,92
422695,429
422835,303
423120,704
423397,44
423652,689
423980,1732
425250,180
425889,509
425986,496
426314,14848
427308,218
427335,32
427894,256
427919,246
427973,384
427982,389
427991,849
428000,182
428019,308
428055,464
428073,28
428125,153
428143,383
428170,1135
428259,299
428268,223
428286,863
428295,416
428392,3348
428444,1449
429012,664
429100,83
429128,1471
430096,401
430157,220
430166,236
430184,3622
430218,191
430227,209
430245,898
430254,151
430306,59
430342,192
430403,162
430421,342
430485,70
430564,132
430582,428
430670,37
430704,16
430795,277
430810,399
430883,58
430908,102
430935,1089
430971,113
431017,118
431071,115
431099,155
431105,188
431123,550
431141,2206
431169,158
431187,58
431196,173
431202,65
431266,76
431275,100
431284,109
431309,30
431558,400
431600,115
431691,36
431707,38
431716,525
431770,40
431886,912
431929,374
431956,222
431965,162
431983,117
432074,207
432117,168
432223,421
432241,281
432269,184
432302,476
432384,689
432524,171
432533,1302
433004,354
433013,788
433040,39
433068,489
433101,915
433138,274
433165,9
433174,551
433387,76073
433420,564
433466,793
433536,751
433563,130
433660,15223
433970,184
434016,168
434061,9727
434140,1624
434159,493
434274,135
434283,69
434292,1
434308,876
434317,384
434344,250
434362,43
434380,46
434432,49
434469,127
434496,109
434502,148
434520,636
434539,487
434584,731
434672,30387
434690,303
434751,165
434812,155
434821,1448
434830,345
434900,817
434937,37
434973,275
435000,56
436003,267
436012,379
436030,366
436067,51
436094,290
436100,45
436182,132
436191,622
436270,236
436304,2682
436429,3747
436438,341
436465,348
436483,469
436553,354
436599,119
436614,62
436632,179
436641,220
436650,475
436775,322
436818,2830
436827,869
436836,1984
437060,402
437097,2411
437103,11676
437237,118
437316,456
437325,471
437529,324
437556,827
437608,301
437635,494
437653,227
437705,13
437732,381
437750,243
437769,260
437778,487
437857,218
437936,1191
438151,1452
438179,630
438212,391
438221,496
438258,860
438267,350
438285,732
438337,306
438498,5017
438504,2463
438586,849
438647,516
438656,696
438674,114
438708,1145
438735,277
438805,896
438869,68
438902,389
438984,150
439020,32
439057,97
439118,745
439127,343
439145,6349
439190,4733
439288,1590
439297,271
439367,820
439394,16
439446,66
439455,448
439473,322
439482,436
439491,518
439507,230
439570,1071
439613,292
439622,808
439631,76
439668,302
439686,478
439701,693
439738,644
439747,211
439774,62
439783,94
439792,601
439844,82
439862,114
439871,142
439899,64
439905,502
439932,29
439969,74
439978,61
439996,126
440059,1141
440077,49
440086,501
440101,245
440174,134
440217,29
440226,108
440262,682
440271,166
440323,312
440332,576
440341,1271
440396,147
440402,5737
440411,5
440420,127
440457,133
440466,110
440651,1722
440721,491
440730,820
440749,505
440758,258
440767,589
440776,48
440794,641
440819,104
440828,1119
440855,268
440873,1072
440882,249
440891,242
440907,742
440925,141
440952,425
440989,964
441016,780
441025,1126
441052,2178
441070,150
441089,717
441168,141
441201,66
441210,231
441229,1356
441256,160
441317,42
441335,26
441353,8
441362,578
441371,530
441380,481
441405,84
441414,365
441423,588
441478,94
441487,246
441496,273
441502,652
441511,996
441548,134
441575,1023
441593,77
441609,171
441618,33
441636,549
441645,228
441663,460
441672,73
441690,392
441706,143
441742,1440
441760,3666
441779,97
441788,880
441830,99
441858,250
441876,333
441900,4938
441919,754
441928,1135
441937,6483
441973,1415
441982,403
442037,385
442046,750
442073,869
442134,867
442161,588
442204,179
442213,72
442222,371
442240,436
442329,1483
442356,1634
442383,293
442408,297
442426,671
442435,93
442523,95
442569,14423
442578,148
442602,785
442611,1849
442620,456
442639,74
442657,377
442718,533
442727,561
442745,74
442781,302
442790,547
442815,627
442842,84
442879,1378
442888,255
442897,139
442930,1314
442949,98
442967,199
442976,186
442985,265
443021,155
443049,320
443058,36
443100,242
443137,266
443146,224
443173,42
443207,1057
443216,263
443225,76
443234,395
443252,1232
443261,252
443270,223
443289,274
443298,67
443322,468
443331,1961
443340,63
443359,136
443377,199
443395,340
443410,1030
443483,204
443492,2643
443544,133
443562,1220
443571,120
443599,714
443623,1293
443632,142
443641,264
443650,943
443669,585
443678,146
443696,32
443748,552
443766,2582
443784,2615
443827,648
443836,766
443854,676
443942,172
443951,115
443979,122
444024,840
444042,1862
444051,151
444088,471
444130,259
444194,332
444200,590
444219,12490
444228,37
444237,394
444255,309
444264,228
444282,144
444291,171
444307,154
444316,178
444325,81
444334,73
444343,131
444361,177
444370,164
444398,219
444404,58
444413,105
444422,231
444440,123
444468,38
444486,595
444510,211
444529,184
444547,29
444556,317
444565,449
444583,1369
444592,150
444608,69
444635,114
444644,63
444653,82
444662,84
444671,315
444680,323
444705,36
444714,355
444732,308
444769,321
444778,114
444787,367
444796,215
444811,238
444857,63
444866,310
444893,790
444909,15
444927,452
444936,54
444945,696
444954,2869
444972,387
444990,585
445027,21094
445090,1123
445115,634
445124,68
445133,565
445188,6551
445203,654
445212,428
445230,1510
445249,444
445258,403
445267,6358
445300,296
445319,81
445328,549
445346,324
445364,856
445391,108
445434,717
445461,1024
445498,64
445540,128
445559,481
445577,370
445638,74
445647,149
445656,241
445692,473
445708,2454
445726,354
445735,465
445744,623
445762,260
445780,59
445799,1996
445814,634
445841,222
445850,213
445911,910
445920,216
445948,610
445957,366
445984,113
446048,1131
446075,16
446084,247
446093,264
446109,396
446118,864
446127,233
446136,926
446163,230
446190,19
446206,48
446224,66
446233,281
446242,277
446251,108
446260,205
446288,136
446303,146
446349,23
446385,219
446394,60
446446,140
446455,108
446516,51
446525,246
446534,88
446552,2439
446561,1641
446589,163
446598,71
446604,1691
446613,38
446640,659
446668,374
446677,133
446729,18
446774,6847
446792,182
446808,236
446835,952
446844,464
446880,596
446996,120
447014,416
447023,763
447050,224
447102,598
447120,516
447148,279
447166,101
447175,159
447209,334
447263,794
447272,473
447290,631
447360,76
447379,349
447403,1074
447421,350
447430,186
447449,52
447458,565
447467,489
447476,26
447494,253
447519,310
447528,119
447582,2432
447591,598
447607,629
447616,615
447634,624
447670,183
447689,14245
447704,81
447713,108
447722,55
447731,230
447759,326
447768,2434
447777,870
447795,46
447810,491
447847,155
447865,37
447874,484
447883,420
447892,240
447908,40
447917,47
447935,360
447953,617
447962,366
447971,295
447980,124
447999,364
448008,23
448017,88
448026,147
448035,66
448044,36
448071,369
448123,357
448150,113
448196,208
448220,136
448239,178
448248,3434
448257,29
448275,40
448284,889
448309,461
448345,1072
448354,223
448424,120
448433,2180
448567,317
448576,2093
448585,458
448594,5864
448600,599
448619,655
448646,255
448664,716
448673,2508
448707,361
448716,339
448734,313
448752,394
448761,166
448770,427
448798,119
448822,8
448840,4866
448859,206
448886,10334
448895,726
448974,346
448983,497
449010,1023
449038,2765
449074,1310
449083,437
449092,346
449117,642
449126,200
449135,416
449144,305
449250,684
449269,589
449302,110
449311,226
449320,907
449339,82624
449348,157
449357,96
449366,842
449384,893
449393,99
449445,204
449454,81
449463,85
449472,103
449490,139
449506,813
449524,173
449533,241
449597,23
449603,176
449612,242
449658,169
449667,171
449676,258
449685,302
449700,615
449719,267
449728,119
449764,109
449773,264
449782,93
449807,265
449816,691
449852,73
449861,298
449870,157
449898,903
449904,309
449931,881
449959,426
449968,400
449977,319
449986,449
449995,290
450003,292
450021,499
450049,260
450058,1023
450067,653
450076,634
450085,644
450094,1008
450119,468
450128,851
450173,28811
450182,344
450191,715
450289,645
450298,380
450377,690
450395,205
450401,637
450456,105
450465,282
450483,224
450526,601
450535,257
450544,301
450571,1419
450599,143
450605,177
450614,155
450632,212
450641,237
450650,365
450669,145
450678,82
450696,975
450702,901
450711,133
450720,417
450739,233
450757,163
450766,41
450933,26092
450951,152
450960,164
450979,7124
450988,341
451006,192
451033,12
451042,76
451051,115
451060,402
451097,239
451103,1770
451121,184
451149,847
451158,897
451167,202
451194,64
451228,389
451237,170
451255,89
451264,196
451282,173
451291,28
451307,105
451334,305
451343,194
451352,569
451361,38
451370,66
451398,234
451404,363
451413,436
451459,219
451468,296
451477,432
451495,45
451501,364
451529,94
451538,265
451547,54
451556,2705
451565,274
451574,183
451583,785
451617,42
451626,129
451635,79
451644,18
451653,25
451662,11193
451671,2154
451699,1155
451705,75
451714,416
451741,777
451750,1224
451769,258
451796,1144
451820,1423
451848,289
451857,459
451866,477
451875,201
451884,267
451909,954
451918,174
452009,98
452018,229
452027,710
452036,414
452045,523
452054,377
452063,1013
452072,216
452081,856
452090,121
452106,90
452115,1113
452124,569
452373,700
452771,25
452780,28
452887,137
452948,622
453109,232
453163,5154
453215,1129
453297,47
453455,190
453464,256
453473,170
453552,348
453747,246
453756,173
453792,280
453817,279
454184,580
454227,23326
454236,1030
454245,865
454306,324
454458,205
454537,53
454546,108
454555,295
454573,349
454582,467
454591,113
454607,403
454616,316
454625,718
454652,191
454689,8
454698,463
454722,70
454740,239
454759,67
454768,298
454777,299
454786,1907
454795,370
454801,151
454810,637
454829,1790
454847,97
454856,981
454865,567
454874,104
454883,514
454892,43
454908,369
454917,458
454926,475
454935,70
454944,183
454953,40
454962,54
454971,285
454980,149
454999,195
455008,223
455017,27
455026,157
455035,71
455053,68
455062,105
455071,100
455080,192
455105,128
455114,13790
455141,372
455187,118
455196,3257
455202,596
455211,273
455220,74
455239,108
455257,428
455275,427
455284,352
455327,157
455336,317
455345,57
455354,371
455381,165
455390,462
455460,353
455479,1005
455488,553
455512,4678
455549,162
455558,341
455567,521
455585,124
455600,418
455619,740
455628,807
455655,731
455664,91
455707,46
455716,1256
455725,618
455734,259
455752,198
455761,475
455770,161
455798,123
455831,383
455840,234
455859,302
455868,364
455877,282
455886,182
455895,273
455901,332
455910,90
455929,85
455947,183
455956,300
455965,202
455974,153
455983,650
456001,77
456010,137
456029,204
456038,913
456056,741
456065,215
456074,265
456092,203
456126,150
456135,180
456144,105
456153,166
456180,420
456205,907
456214,342
456287,119
456296,730
456302,144
456320,601
456339,858
456348,10584
456454,545
456481,68
456490,137
456506,207
456515,366
456551,91
456560,237
456579,1218
456588,86
456597,166
456612,764
456621,253
456782,196
456791,950
456807,183
456816,183
456825,187
456834,25
456861,652
456922,429
456931,536
456940,647
456959,428
456968,708
456977,161
457004,97
457022,457
457031,79
457077,650
457086,200
457101,602
457110,518
457129,1380
457174,381
457192,165
457208,160
457226,36
457244,106
457253,83
457299,242
457314,248
457323,457
457332,47
457341,196
457350,58
457378,234
457387,419
457396,114
457402,30
457411,366
457420,232
457439,136
457448,155
457466,94
457475,127
457484,132
457493,34
457527,692
457536,489
457545,176
457554,57
457563,233
457572,141
457581,294
457606,78
457615,51
457624,34
457633,239
457642,103
457651,130
457679,42
457688,506
457697,177
457703,116
457721,25
457749,135
457767,397
457776,224
457785,157
457794,192
457800,1252
457819,1011
457828,279
457837,220
457846,84
457855,136
457864,197
457873,326
457891,71
457916,106
457925,25
457943,92
457952,259
457961,46
457989,54
457998,71
458007,104
458016,162
458034,70
458043,124
458052,79
458061,84
458070,348
458098,111
458104,116
458113,70
458122,24
458131,480
458140,100
458168,117
458186,466
458195,54
458210,2365
458229,1511
458256,1648
458265,647
458274,408
458283,1010
458380,468
458405,2063
458423,132
458432,617
458441,979
458450,403
458469,1643
458478,359
458496,744
458502,1040
458557,333
458575,196
458593,1038
458681,392
458690,686
458706,584
458733,261
458779,192
458803,207
458812,93
458821,91
458830,266
458849,186
458858,288
458867,415
458885,251
458919,7400
458955,315
458964,2452
458973,2209
458982,1501
458991,225
459000,184
459019,152
459037,136
459046,140
459055,119
459064,184
459073,108
459091,157
459107,783
459116,212
459125,25
459143,57
459161,168
459170,261
459189,162
459198,403
459204,2925
459213,1575
459222,48
459231,335
459259,966
459268,929
459277,616
459286,376
459295,105
459301,210
459310,145
459329,355
459347,58
459356,88
459365,66
459374,221
459392,173
459408,56
459417,124
459426,102
459444,82
459462,501
459471,16
459480,45
459499,23
459514,110
459532,91
459541,44
459550,203
459578,161
459727,661
459824,130
459842,665
459851,533
459949,4685
459958,710
459967,915
459985,906
459994,8129
460011,249
460020,598
460039,837
460048,529
460057,53
460075,29
460093,251
460109,377
460118,349
460127,224
460136,1609
460145,365
460172,895
460181,1017
460190,698
460206,1110
460215,523
460349,465
460358,622
460376,117
460385,61
460394,13708
460446,182
460455,86
460464,13771
460482,526
460516,220
460525,278
460534,645
460543,1658
460552,138
460561,90
460570,317
460589,93
460598,1130
460604,47
460613,1084
460640,112
460659,100
460677,798
460695,181
460701,232
460729,3230
460738,2088
460747,424
460756,850
460765,96
460774,1134
460783,285
460808,44
460817,1224
460826,862
460835,1350
460844,711
460853,583
460862,378
460871,659
460899,414
460905,77
460914,324
460923,865
460932,94
460950,80
460969,358
460978,293
460987,146
460996,143
461005,819
461014,1868
461023,1334
461032,155
461041,267
461111,64
461148,2728
461157,74
461175,321
461193,341
461218,189
461227,119
461236,161
461245,255
461254,60
461263,102
461272,116
461281,536
461290,123
461306,328
461315,156
461324,699
461333,30
461342,96
461351,2016
461360,54
461379,22
461388,77
461412,85
461421,303
461430,792
461449,205
461494,249
461500,110
461528,188
461537,29
461546,34
461555,247
461564,58
461573,142
461582,172
461591,203
461607,129
461625,61
461643,29
461652,73
461689,484
461698,197
461704,233
461713,53
461722,83
461731,66
461740,45
461759,246
461768,230
461786,41
461795,530
461801,75
461810,86
461829,504
461838,257
461856,636
461865,394
461874,102
461883,121
461892,239
461908,131
461917,207
461926,187
461935,40
461944,94
461953,106
461962,675
461980,186
461999,89
462008,444
462017,161
462026,24
462035,335
462053,179
462062,126
462071,233
462309,112
462318,111
462327,85
462336,117
462345,98
462354,240
465812,9880
466152,271
466161,359
466170,370
466189,344
466514,232
466523,253
466921,770
466930,1029
467094,405
467368,580
467784,794
467793,143
467863,259
467872,304
467906,243
468015,202
468024,614
468246,264
468255,151
468398,307
468705,154
468723,1378
468732,301
468769,205
468848,612
468875,161
468893,224
468909,751
468963,620
469054,696
469124,588
469133,410
469142,509
469151,228
469160,360
469197,173
469407,104
469416,872
469586,155
469610,984
469629,328
469638,417
469647,341
469911,473
469920,410
469957,239
469993,26
470038,999
470047,62
470092,375
470162,1023
470296,37
470393,121
474863,2339
474881,154
474890,966
474906,169
474915,556
474924,225
474933,128
474942,142
474997,574
475015,246
475024,403
475042,399
475060,788
475079,141
475097,245
475121,10798
475130,401
475185,151
475194,521
475200,382
475255,99
475273,1504
475282,114
475291,138
475325,636
475352,1035
475370,1289
475389,72
475398,159
475404,120
475413,65
475422,143
475431,261
475459,741
475468,175
475477,350
475486,446
475501,74
475529,22
475538,57
475547,194
475556,225
475565,940
475574,131
475583,147
475592,53
475608,260
475617,965
475626,71
475635,30
475644,69
475653,9
475662,191
475699,323
475705,22
475714,642
475723,745
475732,1371
475741,386
475750,448
475839,259
475866,862
476063,224
476179,227
476230,155
476294,234
476337,178
476346,494
476355,179
476470,511
476489,196
476498,301
476513,89
476522,299
476531,77
476540,201
476559,162
476568,35
476577,281
476586,129
476595,87
476601,58
476610,94
476629,140
476674,78
476683,217
476692,25
476708,173
476717,502
476726,646
476735,92
476744,113
476753,238
476771,45
476780,402
476799,195
476805,69
476814,243
476823,90
476841,280
476850,105
476869,290
476878,120
476887,156
476896,132
476902,54
476911,312
476939,276
476948,647
476957,14
476966,350
476975,11436
476984,283
476993,267
477002,80
477039,670
477950,239
477996,198
478005,226
478014,215
478582,227
478591,239
478616,143
478634,544
478661,284
478917,85
478953,278
479053,245
479062,8
479248,251
479424,242
479956,10498
479965,197
479974,124
479983,88
479992,75
480000,74
480019,591
480028,97
480037,991
480064,770
480073,590
480082,619
480091,10440
480107,678
480125,367
480134,622
480143,404
480161,31
480170,105
480189,997
480198,1224
480204,636
480310,206
480329,567
480338,304
480347,112
480471,455
480480,88
480499,18
480514,662
480523,171
480532,225
480550,213
480569,3802
480657,447
480693,142
480727,63
480736,37
480781,237
480815,765
480824,342
480833,833
480842,32
480851,203
480879,67
480888,346
480903,951
480912,24
480921,50
480930,200
480967,342
480976,74
480985,276
480994,89
481003,310
481021,57
481049,46
481058,110
481085,426
481100,100
481128,709
481137,55
481146,229
481155,268
481164,261
481182,67
481191,290
481207,199
481225,24
481234,754
481243,236
481289,106
481298,92
481313,142
481322,91
481331,132
481340,78
481359,50
481368,73
481377,32
481386,187
481395,45
481401,183
481410,78
481429,218
481438,74
481447,88
481456,30
481465,92
481474,83
481483,211
481508,269
481517,124
481526,184
481544,94
481562,150
481571,14
481599,300
481669,77
481678,114
481720,632
481739,141
481748,194
481766,333
481845,219
481854,838
481863,300
481890,124
481906,248
481915,345
481942,443
481960,229
481988,539
482015,776
482024,149
482033,122
482060,591
482097,519
482103,87
482149,5445
482158,9639
482167,106
482176,348
482185,107
482194,96
482200,116
482228,97
482246,43
482255,384
482291,1086
482307,176
482316,244
482325,240
482334,318
482343,172
482361,338
482370,237
482398,509
482413,1763
482422,1302
482431,7224
482440,820
482459,2030
482468,2647
482477,25843
482486,191
482538,521
482547,325
482556,1545
482565,458
482574,2745
482583,178
482608,815
482617,272
482635,1857
482653,787
482680,20064
482699,3340
482705,4241
482927,397
482936,948
482954,720
482963,580
482972,119
482981,285
482990,628
483009,161
483018,272
483036,2652
483045,11686
483054,86
483106,207
483124,24801
483212,5349
483221,475
483230,184
483258,51
483276,72
483319,618
483328,212
483337,186
483346,58
483355,394
483364,320
483373,93
483382,296
483425,73
483443,268
483470,136
483504,781
483513,48
483522,77
483559,43
483568,123
483577,25
483586,18
483610,126
483629,422
483638,303
483647,61
483665,66
483674,159
483692,146
483708,664
483717,51
483726,48
483735,70
483744,110
483753,93
483780,324
483799,57
483805,152
483814,321
483823,288
483841,724
483850,34
483869,121
483878,191
483887,73
483896,211
483902,68
483911,18
483920,172
483939,31
483948,53
483957,57
483966,43
483984,150
484002,765
484011,165
484020,47
484039,114
484048,28
484057,348
484066,355
484075,42
484084,68
484093,39
484109,100
484118,78
484127,151
484136,68
484145,164
484154,230
484163,144
484172,121
484181,170
484190,55
484206,140
484303,68
484321,173
484330,154
484349,293
484358,391
484367,335
484376,507
484385,504
484394,205
484473,2184
484598,32
484604,557
484613,185064
484622,240
484631,17967
484640,1037
484668,2225
484677,1737
484686,469
484695,708
484701,553
484710,1355
484729,482
484738,230
484747,1410
484756,4007
484765,825
484783,483
484826,139
484835,350
484844,111
484862,1
484871,108
484880,333
484899,251
484905,2575
484923,155
484932,3300
484950,213
484978,632
484996,110
485014,140
485032,279
485078,368
485111,13816
485120,283
485139,306
485166,138
485193,27
485236,36
485245,21
485263,1394
485272,514
485281,289
485306,61
485342,44
485351,401
485360,25
485379,316
485388,424
485397,216
485412,82
485421,246
485458,3686
485476,66
485485,120
485494,113
485500,58
485519,1074
485528,30
485546,51
485564,211
485573,68
485582,154
485591,37
485607,47
485704,25
485731,17
485768,163
485801,137
485810,34
485856,49
485874,121
485908,202
485953,55
485962,18
485999,130
486017,42
486026,83
486053,135
486099,121
486105,7
486123,43
486141,36
486150,194
486169,68
486187,121
486196,219
486202,49
486220,19
486239,188
486248,156
486257,291
486284,195
486309,25
486327,22
486345,198
486354,52
486372,50
486381,90
486390,267
486406,32
486415,128
486424,93
486442,92
486488,64
486497,70
486503,63
486512,109
486521,4
486530,134
486558,279
486567,230
486576,372
486594,79
486600,20
486619,68
486691,144
486707,281
486716,99
486725,30
486734,92
486752,177
486770,455
486798,1104
486813,160
486822,366
486840,35348
486859,72
486868,31
486877,12
486886,12
486901,946
486938,253
486947,302
486956,274
486965,110
486983,38
487010,269
487047,470
487065,72
487083,66
487092,968
487144,130
487162,4965
487232,82
487250,15
487296,465
487302,728
487311,369
487320,15883
487348,183
487357,122
487366,61
487375,129
487384,685
487393,688
487409,744
487418,1272
487427,548
487436,608
487445,550
487454,587
487463,196
487472,969
487481,328
487490,753
487506,94
487524,3018
487533,99
487588,538
487597,673
487603,914
487621,16
487630,32
487658,61
487667,335
487676,153
487746,51
487773,106
487782,390
487791,268
487807,10
487816,12
487825,155
487834,66
487843,104
487852,41
487861,90
487870,17
487889,188
487898,18
487904,35
487913,15
487922,48
487959,37
487968,44
487977,1402
487986,12
487995,64
488004,91
488013,61
488022,37
488031,22
488040,38
488059,32
488068,108
488077,1581
488086,102
488095,115
488101,109
488110,45
488129,10
488138,128
488147,29
488156,30
488165,28
488174,9
488183,25
488192,18
488217,130
488226,18
488235,25
488253,120
488262,34
488271,80
488280,94
488299,167
488305,162
488314,57
488323,70
488332,107
488341,99
488350,83
488369,18
488378,15
488396,30
488411,74
488420,40
488439,84
488448,50
488679,12099
488730,7251
488749,142
488819,56
488846,3159
488891,114
488916,19
488925,108
488934,4187
488943,1071
488952,48
488961,41
488970,77
488989,65
488998,84
489043,13
489104,124
489122,37
489131,25
489140,30
489159,76
489201,8674
489238,93
489247,17
489256,207
489283,202
489326,3
489344,49
489353,30
489371,28
489399,3
489414,187
489760,83
489812,38
489821,199
489830,101
489849,99
489900,9
489937,404
490009,296
490018,52
